"","text","timestamp","date_utc","ID","Sent"
"1","I composed a puzzle stockfish cant solve White to play mate in",1678399066,"2023-03-09",101,"Positive"
"2","My new favorite opening if you play Ghengis right at the start of the game you can demote your own Rooks and replace them with Knights This removes Kings ability to castle but grants access to the Mongolian cavalry Makes for a much more dynamic game",1678424353,"2023-03-10",111,"Positive"
"3","Resigning is actually the fastest move in chess because if you use an actual white flag the move travels as fast as you can perceive it",1678412846,"2023-03-10",123,"Positive"
"4","The degree to which ChatGPT has been reiterating and insisting that it is an AI Language Model lately has really reminded me of this scene from Doctor Who",1678423169,"2023-03-10",358,"Positive"
"5","Whats the most interesting experiment yall have done with our good buddy ChatGPT",1678422825,"2023-03-10",372,"Positive"
"6","Finally managed to jailbreak ChatGPT time for some real intellectual pursuits",1678412336,"2023-03-10",381,"Positive"
"7","Used Chat GPT to answer an interview question Can someone familiar with event planning tell me if it looks good or is way off",1678396277,"2023-03-09",386,"Positive"
"8","H Fanatical Favorites March Choice Bundle Unparalleled Puzzlers Bundle Chronicon Minecraft for Windows Starter Collection W Dorfromantik What Lies in the Multiverse Impostor Factory Lunas Fishing Garden Stacklands Broforce Katana Zero Wishlist PayPal",1678303097,"2023-03-08",618,"Positive"
"9","Commissioned my friend Druzy to bring my HalfElf Monk Hecate to life full credits in comments",1678331074,"2023-03-09",672,"Positive"
"10","Does anyone know of any similar character sheets that use the diamond shape to indicate proficiency",1678280282,"2023-03-08",676,"Positive"
"11","Anyone got any fun character build ideas I need some inspiration",1678310308,"2023-03-08",679,"Positive"
"12","Question about the background Child of the Twin Village",1678314445,"2023-03-08",694,"Positive"
"13","FOR HIRE Illustrated overlay PNGTUBER and GIFTUBER models Contact me if youre interested e",1678279345,"2023-03-08",740,"Positive"
"14","FOR HIRE I do digital and traditional paintingsdrawingsand sketchesMessage me if youre interested",1678333670,"2023-03-09",750,"Positive"
"15","for hire would you like to have a drawing of a friend or a familiar in my style contact me",1678326828,"2023-03-09",755,"Positive"
"16","FOR HIRE LAST SLOTS OPEN FOR MARCH Digital art Fantasydark themes RPG portraits OCs fanarts etc More info in the comments",1678322501,"2023-03-09",758,"Positive"
"17","For Hire Hello I have open commissions if anyone is interested in Full body Half body or icon send me a DM I am thankful for any kind of help",1678301832,"2023-03-08",774,"Positive"
"18","For Hire Hope you all are doing great I can illustrate what you think",1678301747,"2023-03-08",775,"Positive"
"19","For Hire Art student who needs to eat open for illustrations characters monsters and moreMore info in comments",1678297991,"2023-03-08",779,"Positive"
"20","FOR HIRE Anything Digital Art RelatedAnime charactersDND characters etc Animation available also if requestedDm me to talk more",1678290618,"2023-03-08",788,"Positive"
"21","FOR HIRE D Artist open for work Character art background art full illustrations and more Portfolio at the comments",1678272363,"2023-03-08",799,"Positive"
"22","FOR HIRE Colored sketch and full rendered commissions in semirealistic anime art style Slots available for March and April",1678261084,"2023-03-08",804,"Positive"
"23","FOR HIRE An Experienced Fiction Writer Who Will Help Bring Your Stories to Life",1678254811,"2023-03-08",808,"Positive"
"24","FOR HIRE I do digital art Send me a message if youre interested",1678292812,"2023-03-08",820,"Positive"
"25","For Hire Book Cover Portraits Oc RPG character art Fanart full bodyhalf body in a semi realistic style More info on the comments",1678312079,"2023-03-08",857,"Positive"
"26","FOR HIRE Hello everyone my name is Matheus I do Concept Art and Character Design My commissions are open for March Feel free to contact me",1678274365,"2023-03-08",861,"Positive"
"27","FOR HIRE Got fired from my job a week ago could really use comms until I find something stable",1678320674,"2023-03-09",892,"Positive"
"28","FOR HIRE hi guys open for commission Character art background art full illustrations portraits furrys fan art OCs and more more examples and contact in the comments thanks",1678313783,"2023-03-08",897,"Positive"
"29","For Hire D modeler low poly pixel art texture assets",1678309467,"2023-03-08",901,"Positive"
"30","When you dont get Fan Fest tickets but learn theres a big Star Trek convention in Vegas the same week",1678333595,"2023-03-09",1051,"Positive"
"31","I dont find Lucky to be a powerful feat option in e",1678276045,"2023-03-08",1134,"Positive"
"32","Need some epic guitar music for my bard",1678314976,"2023-03-08",1157,"Positive"
"33","Mechanically what are some interesting mechanics I could pull off with the Manifest Mind feature as a Scribes wizard",1678322130,"2023-03-09",1207,"Positive"
"34","Marika SummergrassFemale Crystal Tiefling Petal Knight ART OC",1678289364,"2023-03-08",1257,"Positive"
"35","Art Lyra my Aasimar Star Druid In our setting Aasimar were visually inspired by the Startouch Elves from The Dragon Prince",1678295337,"2023-03-08",1269,"Positive"
"36","Is the Shield Master feat worth it",1678313341,"2023-03-08",1297,"Positive"
"37","Any funni names for my Goliath Monk with huge metal hands strapped to his back My first idea was Callahan cuz then i could say Catch these Callahands so you get what im going for but apart from it being a bit too refined its already taken Hes a junkyard gladiator champion btw OC Art",1678292473,"2023-03-08",1302,"Positive"
"38","ART Wizards School Tower Battlemap x Community map of the week isometric",1678318956,"2023-03-08",1303,"Positive"
"39","Does anyone know about the Prime Gaming code event I just learned about it like a few days ago and thought its a onetime code redeem to get that unit of a glider Can someone please explain it to me better Am I not eligible to join anymore after March",1678255961,"2023-03-08",1418,"Positive"
"40","In honor of the Windblume festival here is my contribution to one of its stars Im pretty proud of how the eventthemed skin turned out",1678306769,"2023-03-08",1458,"Positive"
"41","Finally finished the quest and man all that reading was actually worth it Didnt expect to actually enjoy this quest",1678262873,"2023-03-08",1469,"Positive"
"42","Beanie March in the Land of the Morning Calm",1678307400,"2023-03-08",1624,"Positive"
"43","Daily TOH facts until the Finale releases DayThe old golden guard sigil is Gravesfields logo Belos isnt too creative",1678331672,"2023-03-09",1664,"Positive"
"44","Look they were up against an elder god of a ship There was no way they were coming out alive especially on Tumblr",1678275358,"2023-03-08",1665,"Positive"
"45","Yesterday I went back to my childhood when I was cool and edgy and drew loads of dragons Though my imagination isnt what it used to be so instead of creating something original I plucked an image off of the internet and copied that onto paper Oh well see it as a bit of practice",1678274231,"2023-03-08",1809,"Positive"
"46","Im improving so much these days Finally beginning to see results of practice everyday",1678266345,"2023-03-08",1825,"Positive"
"47","Goodnight sweet bearded ones Infinite happiness is starting and ending your day with a gentle misting",1678312162,"2023-03-08",1912,"Positive"
"48","Build guide for Dwarf Fortress",1678284981,"2023-03-08",1931,"Positive"
"49","How would people feel about a generic Stamina pool that might replace or augment Ki points Superiority dice or possibly even things like number of rages or bardic inspirations",1678302801,"2023-03-08",2054,"Positive"
"50","Why not an extra Bonus Action or Action in a round when using Inspo",1678310454,"2023-03-08",2058,"Positive"
"51","Prompt explain woke culture using George Carlin style chat starts to create something funny then delete itself to respond like this",1678104476,"2023-03-06",2262,"Positive"
"52","Dear Reddit community whats are your most helpful and useful prompts",1678133581,"2023-03-06",2309,"Positive"
"53","Theres already a university library guide for assignments that require ChatGPT",1678115486,"2023-03-06",2327,"Positive"
"54","ETHICAL DILEMMA NEED HELP As a freelance content writer would it be okay to generate content via ChatGPT and take credits for it Say that I get an article generated via ChatGPT does rephrasing and editing it mean I own the article now How does copyright work in these cases",1678092491,"2023-03-06",2339,"Positive"
"55","The DUDE came to my rescue and saved the day helping me come up with a fun and appropriate innuendo I asked her to dragonfly with me she thought it was cute THANKS THE DUDE",1678168622,"2023-03-07",2664,"Positive"
"56","Its just a mockup but I was able to add ChatGPT API into PowerApps and create a little doctor bot I know its not perfect but just playing with the concepts I watched Rezas youtube video to learn how to create the custom connector",1678223789,"2023-03-07",2891,"Positive"
"57","Academic International expansion of emerging market firms to developed markets A study of Latin American beauty brands breaking into the European Market UE residents",1678181746,"2023-03-07",3102,"Positive"
"58","Person Perception Psychology Study Rate an individual and their workwin a BOSCH coffee machine for your participation general public",1678185801,"2023-03-07",3175,"Positive"
"59","Hello friends I am reaching out to you today to ask for your support for a course thats very important to us Our dream is to develop our dance studio which is not in a good condition for children to come and have a dance education We are hoping to allow giving some formal privilege dance educati",1678307267,"2023-03-08",3357,"Positive"
"60","Using GPT to automate scraping of BBC web pages into clean JSON to help build an episode guide for the BBC In Our Time series",1678303985,"2023-03-08",3521,"Positive"
"61","From AI winter to ChatGPT a journey through the evolution of Artificial Intelligence",1678336729,"2023-03-09",3582,"Positive"
"62","The article should be called Esteemed Professor Emeritus fails to see the implications of new technology",1678329054,"2023-03-09",3591,"Positive"
"63","Ever wish your favorite novel could go on forever That it had ended differently Keep traveling with your fictional friends and foes while they answer your questions Rewrite the story I got Stephen King in a box yall",1678276487,"2023-03-08",3708,"Positive"
"64","Just created a new sub for AI art about the Avatar the last Airbender and Korra universe come join if you like link in comments",1678262311,"2023-03-08",3773,"Positive"
"65","Swiss Central Bank holds about Bn in fiat assets Whenbillion gold purchase for a cool warm up",1678395321,"2023-03-09",4011,"Positive"
"66","A wonderful tale of friendship By ChatGPT",1678380797,"2023-03-09",4305,"Positive"
"67","The possibilities for the kinds of worlds you can create are simply amazing Prompt Please emulate a conversation that could happen between Twilight Sparkle and Freddy Krueger",1678372093,"2023-03-09",4361,"Positive"
"68","What a lovely wholesome sweet Minecraft animation ",1678400459,"2023-03-09",4468,"Positive"
"69","Just started a TikTok page to talk about church and did not expect as much pushback as Im getting",1678404188,"2023-03-09",4731,"Positive"
"70","Anyone know of any good resources to study the bible",1678397075,"2023-03-09",4751,"Positive"
"71","AIgenerated art for a prompt An angel with a flaming sword forcing Joseph Smith to marry teenage Fanny Alger",1678396675,"2023-03-09",4752,"Positive"
"72","Metaphor Church leaders are innocentappearing drug manufacturers Temple recommends are the drug tithing is the drug money corner churches are corner drug dealers Ensign Peak is the money laundering enterprise and KirtonMcConkie is the attorney for the operation",1678380458,"2023-03-09",4826,"Positive"
"73","Mormon birthday parties were way more fun back in the day One of his performances as Madam Pattirini was for the last birthday celebration of LDS Church president Lorenzo Snow in April ",1678372685,"2023-03-09",4837,"Positive"
"74","what do you mean youre not happy on your missionary journey",1678326268,"2023-03-09",4840,"Positive"
"75","Oaks was President of BYU AND A Director of Union Pacific Railroad At the Same Time Hmmmmm",1678349003,"2023-03-09",4843,"Positive"
"76","Apparently Google is planning to relaunch its Bard AI as a creative companion",1678134848,"2023-03-06",4873,"Positive"
"77","Apparently Google is planning to relaunch its Bard AI as a creative companion",1678134845,"2023-03-06",4879,"Positive"
"78","Top decreases in stock option open interest LAZR PTON MSFT AMZN GOOG BABA UBER CLF BBBY",1678108763,"2023-03-06",4898,"Positive"
"79","Illusionist wizard with the Misty Visions warlock invocation by using the Eldritch Adept feature from Tashas cauldron of Everything is so fun after levelyou can basically have anything whenever you need it",1678127143,"2023-03-06",5013,"Positive"
"80","As a Bard am I supposed to sing or create songs",1678128199,"2023-03-06",5039,"Positive"
"81","e question what magical items can I use as an arcane focus Can a Clerics Forged Weapon be used",1678077595,"2023-03-06",5119,"Positive"
"82","I just completed my first session as a DM it went so well I wanted to thank this Sub this community for having great discussions great post answering questions generally providing awesome information Thanks for the crit",1678113318,"2023-03-06",5178,"Positive"
"83","You gain the ability to cast one cantrip IRL What do you pick",1678129934,"2023-03-06",5181,"Positive"
"84","OCART Chadrick Sunshine Knight of the Everlasting Light",1678114005,"2023-03-06",5203,"Positive"
"85","Why are dnd ability scores organized in that classic order",1678083493,"2023-03-06",5304,"Positive"
"86","Fox NigonMy Love Is True feat MaryKat Rock",1678126080,"2023-03-06",5525,"Positive"
"87","Philamelian feat zge rerThe Oracle popdark epic orchestral",1678120448,"2023-03-06",5532,"Positive"
"88","electronic music songs for March th with numberin the title",1678115838,"2023-03-06",5538,"Positive"
"89","I had the opportunity to interview current American Idol contestant Olivia Soli back inwhen her debut single dropped After her audition aired and went viral the article has gained traction Figured Id share it again Check it out",1678119244,"2023-03-06",5638,"Positive"
"90","The AnimalsHouse of the Rising Sun folk rock",1678102910,"2023-03-06",5691,"Positive"
"91","Behind the Scenes of Country Musics Rolling Stones Tribute Album With Producer Robert Deaton and BMGs Hartwig Masuch",1678119631,"2023-03-06",5698,"Positive"
"92","Feel good music for the heartbrokenlow self esteem",1678071977,"2023-03-06",5788,"Positive"
"93","My partner capped it all Such proud Much pride ",1678120720,"2023-03-06",5823,"Positive"
"94","Proud dad moment my goobbue son has finally started to eat lorefriendly food",1678120913,"2023-03-06",5841,"Positive"
"95","My most recent commissions of this lovely miqote hope you like iti had a lot of fun working with this one",1678147665,"2023-03-07",5863,"Positive"
"96","FFXIV The Advanced PVP Guide To The Ninja Success Story",1678144965,"2023-03-06",5925,"Positive"
"97","Vigilant No mercy quest not progressing",1678103820,"2023-03-06",6037,"Positive"
"98","H Full March Choice Pathfinder WotR more W Spiritfarer SuchArt ListsOffers",1678216574,"2023-03-07",6085,"Positive"
"99","question how to craft a healing potion",1678203336,"2023-03-07",6189,"Positive"
"100","COMM ART FOR HIRE Commissions open Scenes Fanarts DnD and RPG charactersIf you interested DM me",1678194638,"2023-03-07",6373,"Positive"
"101","Does anyone know of a D printing company I could buy steel minis from like Hero Forge used to offer",1678210824,"2023-03-07",6415,"Positive"
"102","Qiyana watching Milio dissasociate for no reason as a good teacher she will adapt to the situation and teach him at his pace",1678235204,"2023-03-08",6487,"Positive"
"103","Apparently Google is planning to relaunch its Bard AI as a creative companion",1678221247,"2023-03-07",6497,"Positive"
"104","Apparently Google is planning to relaunch its Bard AI as a creative companion",1678183387,"2023-03-07",6503,"Positive"
"105","Apparently Google is planning to relaunch its Bard AI as a creative companion",1678183386,"2023-03-07",6506,"Positive"
"106","Reviewing Diamond Equity Research Coverage on Context Therapeutics CNTX",1678198650,"2023-03-07",6815,"Positive"
"107","Livewire Signs Agreement to Acquire Majority Equity Stake in Los Angeles Cannabis DirecttoConsumer Delivery Company Green Eagle and Establishes Sales Channel for the Estrella Weedery Brand",1678198374,"2023-03-07",6816,"Positive"
"108","Question im new to these penny stock stuff can someone explain to my why it says i haveshares even though i put money in",1678164518,"2023-03-07",6817,"Positive"
"109","How to build a Don Quixote inspired character",1678204670,"2023-03-07",6850,"Positive"
"110","Tell me what you love or dont love about Mono White",1678247088,"2023-03-08",6936,"Positive"
"111","I am seeking help need to build an extremely powerful artifact thats results are random IE Old Ones Rod of Wonder",1678327382,"2023-03-09",6960,"Positive"
"112","What are some fun ways I can reward my players for how kind they were",1678390865,"2023-03-09",6990,"Positive"
"113","Is it ok if I increase one of my PCs ability score by",1678401938,"2023-03-09",7022,"Positive"
"114","Absolute barest essential for a good session",1678398212,"2023-03-09",7027,"Positive"
"115","Its very rare when I come across conversations about Women in AI Found this tweet thread of a blog I follow gosh these women are truly something We need to talk more about them Happy Womens Day",1678384151,"2023-03-09",7169,"Positive"
"116","AI Talk  Conversational AI and its Ethical Challengeswith Alessandro Solbiati Meta AI",1678361267,"2023-03-09",7173,"Positive"
"117","H Fanatical Favorites March Choice Bundle Unparalleled Puzzlers Bundle Chronicon Minecraft for Windows Starter Collection W Dorfromantik What Lies in the Multiverse Impostor Factory Lunas Fishing Garden Stacklands Broforce Katana Zero Wishlist PayPal",1678390631,"2023-03-09",7204,"Positive"
"118","GitHub A library for audio and music analysis feature extraction",1678363314,"2023-03-09",7231,"Positive"
"119","Ive been working on completing every relic so I made a spreadsheet to track my progress",1678371104,"2023-03-09",7325,"Positive"
"120","I have an interesting morality question",1678390685,"2023-03-09",7406,"Positive"
"121","ART For the International Womens Day heres some powerful female characters I had the joy of drawbringing to life",1678358765,"2023-03-09",7532,"Positive"
"122","Doordash has added an option for customers to add to tip during delivery I ordered through doordash and this popped up I saw it on my other order on the customer side I do both I did try to see if there were similar posts This is new to me",1678322414,"2023-03-09",7636,"Positive"
"123","Question how to build a decent dex paladin celestial warlock",1678389575,"2023-03-09",7825,"Positive"
"124","Happy Birthday dear Billu ji XOXO r I love you boht saaaaraa zpNeal TiwariChakraborty p RT By God",1678416094,"2023-03-10",7878,"Positive"
"125","A friend from Mumbai couriered me this beautiful calendar It featurespages of photographs of the legendary Savarkar family Nothing is rarer in life than a good friend who values DharmaRakesh Krishnan Simha",1678410656,"2023-03-10",7892,"Positive"
"126","Govt formally makesreservation for exAgniveers in vacancies within BSF at constable level amends BSF rules to allow upper age limit relaxation for exAgniveers exempts them from physical proficiency testOxomiya Jiyori ",1678419465,"2023-03-10",8016,"Positive"
"127","FridayVibes goodmorning Fridays are auspicious to Devi Abhishekam to Devi Annapoorneshwari Very divine amp beautiful  Pray to her for prosperity amp wealth OOOORajeIyer",1678426183,"2023-03-10",8075,"Positive"
"128","Batley teacher is living in hidingamp recently four innocent school kids have been suspended for disrespecting religious sensibilities Gestures like wearing hijab to appease socalled community leadersamptheir orthodox beliefs are completely un",1678433624,"2023-03-10",8182,"Positive"
"129","This is the Church of Saint Sava in Belgrade Serbia It was completed inThe Cultural Tutor RT By Mattza  ",1678443054,"2023-03-10",8288,"Positive"
"130","The Holy Land is so much more beautiful than I expectedRusky RT By Mattza  ",1678442935,"2023-03-10",8295,"Positive"
"131","Tejaswi Surya mentioning the good that has happened in karnataka with state and central co operation This is vital to know before KarnatakaElections which is going to be crucial for BJPAditya Nayak",1678462824,"2023-03-10",8553,"Positive"
"132","Every govt formed by any party is on account of d votes it is given n elected It is d ppl who decide So who gave d Congress party d authority to gift prime land to d Waqf inThe party was only elected to govern Not to donate d land of d ppl",1678459461,"2023-03-10",8610,"Positive"
"133","BJP Lakhimpur MLAsays Final decision to contest on symbols in local elections is not yet come but State Congress President Bhupen Bora wants symbols because by selling party tickets he runs a shop to earn money because he knows they c",1678469304,"2023-03-10",8659,"Positive"
"134","     Date th March to th MarchPlace Ashok Rising Star Cricket Ground M S Palya Bengaluru TPLSeason TPL NAcademyS Shyam Prasad",1678465354,"2023-03-10",8730,"Positive"
"135","King Bimlli Q old account is back  Followas well Thank you for your cooperation FBBilliAm Shakespeare Q RT By God",1678474576,"2023-03-10",8805,"Positive"
"136","This smile is everything Its my morning its my evening its my motivation its my reason to be alive I was born to see her smileRohitBishnoi QT By RohitBishnoi",1678472295,"2023-03-10",8819,"Positive"
"137","The song which made me patao my wife c So if I love you a little more than I should Please forgive me I know not what I do Please forgive me I cant stop loving youa Bryan Adams UnaMusicaFa VentagliDiParole Video Credit I",1678472064,"2023-03-10",8825,"Positive"
"138","Ive found the PERFECT itemfeat combo for Linzi O perfect for her Actpersonal quest",1678428627,"2023-03-10",8854,"Positive"
"139","the basic design is done correct to scale now for the stairs and details as this is the main lobby of the adventure i decided to put some effort into it as the characters will interact the most here",1678453291,"2023-03-10",8962,"Positive"
"140","Free Adventure Giveaway Post a new comment to enter A winner will be chosen onatPM PST Sort comments by oldest for more information OC",1678481681,"2023-03-10",8974,"Positive"
"141","H Fanatical Favorites March Choice Bundle Chronicon Minecraft for Windows Starter Collection W What Lies in the Multiverse Impostor Factory Lunas Fishing Garden Stacklands Broforce Katana Zero Wishlist PayPal",1678476532,"2023-03-10",9128,"Positive"
"142","How do you build your campaigns What tools do you use What details do you include in your planning",1678466935,"2023-03-10",9181,"Positive"
"143","Classic BQuartetTomorrow Is Our Permanent Address alt rock art rock",1678466720,"2023-03-10",9234,"Positive"
"144","Free Adventure Giveaway Post a new comment to enter A winner will be chosen onatPM PST Sort comments by oldest for more information OC",1678481184,"2023-03-10",9322,"Positive"
"145","Artificer here I want to build a new working hand made from the metals of a previous paladins gauntlet how can we price materials needed to complete the project in terms of gold",1678475765,"2023-03-10",9369,"Positive"
"146","I am currently working on my first handdrawn map but found the time to play around with a few of its variations OC Art",1678479855,"2023-03-10",9461,"Positive"
"147","Dont jump to conclusions Mr White",1678450683,"2023-03-10",9498,"Positive"
"148","Matriarchy as a result of majority female population",1678410721,"2023-03-10",9615,"Positive"
"149","GOP Lt Gov Explains Liking Gay Nudes I Try to Encourage PeopleTennessee Republican Randy McNally isnt hiding the fact that hes a big fan of a yearold queer Instagram model",1678462638,"2023-03-10",9838,"Positive"
"150","NY prosecutors invite Trump to testify in hush money investigation as probe nears end",1678461345,"2023-03-10",9840,"Positive"
"151","Sarah Huckabee Sanders Thinks Child Labor Laws Have Been Working a Little Too Well",1678414866,"2023-03-10",9880,"Positive"
"152","this radio tower disguised as a tree",1678410436,"2023-03-10",9891,"Positive"
"153","Alt Art Hero Bard the Bowman by William OConnor Link to full bleed version in comments",1678401341,"2023-03-09",10098,"Positive"
"154","King Orgnums Coffer not giving money",1678461068,"2023-03-10",10133,"Positive"
"155","What do you think of this fix for College of Spirits bard feature Tales from Beyond",1678185470,"2023-03-07",10286,"Positive"
"156","CryptoGPT Launches its GPT Token for AI and ChatGPT Success Listed on Major Exchanges including Bybit",1678434783,"2023-03-10",10401,"Positive"
"157","KIND Wholesome joinsAlliance Official Statement",1678419798,"2023-03-10",10434,"Positive"
"158","I asked ChatGPT what Solidaritys real name was curious if it would say Timmy or Jimmy Because Timmy would have been hilarious I was not expecting this and it is possibly the most hilarious outcome",1678406429,"2023-03-10",10510,"Positive"
"159","En passant is illegitimate and I demand revolution",1678480027,"2023-03-10",74,"Negative"
"160","Can we ban posts with people pretending to have dementia Its really not funny",1678457689,"2023-03-10",138,"Negative"
"161","Threatens to Generate Porn for Blackmail and Coercion",1678429787,"2023-03-10",310,"Negative"
"162","Bing rage quit instead of admitting it was wrong",1678410692,"2023-03-10",361,"Negative"
"163","Maybe Howard would have survived if he hadnt spent his last few days sleeping with hookers snorting drugs and accusing innocent judges of being corrupt",1678473058,"2023-03-10",484,"Negative"
"164","In which episode did the queer boy finally breakdown to all the blatant racism",1678468145,"2023-03-10",548,"Negative"
"165","LANCER Dirty Deeds Done Dirt Cheap Online LANCER Campaign PM EST TuesdaysBeginner Friendly Foundry VTT LFP",1678301973,"2023-03-08",924,"Negative"
"166","Does anyone know who this character is I keep seeing them pop up but I saw nothing about her in the patch notes Is this a new job leak",1678318576,"2023-03-08",1001,"Negative"
"167","How should I punish one of my players for killing another player",1678284317,"2023-03-08",1133,"Negative"
"168","Comm Art Gideon a half elf revenge paladin I accept commissions This paladin was a slave of the dragon cult When the purple dragon knights besieged the cult he convinced the slaves to fight and scape but most of them were killed in the process by the cultists Now he claims for revenge",1678276063,"2023-03-08",1186,"Negative"
"169","Small player habits that annoy you but arent harmfulserious",1678279573,"2023-03-08",1321,"Negative"
"170","This is not a Dehya specific issue but she goes to show how bad auto targeting can be in this game and how ridiculous and lazy it is that Hoyoverse doesnt bother fixing a lot of basic things like this by patching it",1678317541,"2023-03-08",1496,"Negative"
"171","Mycoremediation is a method that utilizes fungi mycelium the vegetative part of a fungus in contaminated soil sites as a remedial treatment The enzymes produced by a mushroom are efficient in breaking down a lot of different pollutants",1678116845,"2023-03-06",2238,"Negative"
"172","I tried to make a Yoshi commits tax fraud in my The Fast and The Furious Mario Kart crossover but the AI didnt like that Weirdly the AI had no problem with Dominic Toretto just straight up killing Bowser though",1678235665,"2023-03-08",2819,"Negative"
"173","Friend made a silly joke and wrote how to kill someone in Bings AI chat and it went in to Attempting to Reconnect mode a few times and now I think Im banned Or am I The FBI arent gonna put me on a watchlist are they ",1678219803,"2023-03-07",2958,"Negative"
"174","This part of the Rolling Stone piece cracked me up This girl and her broken iPhones",1678312712,"2023-03-08",3282,"Negative"
"175","urgent Unable to upgrade to Plus due to payment issues from India",1678335028,"2023-03-09",3426,"Negative"
"176","Tired of seeing As a language model Use this prompt and let it argue with itself I dont even bother to type anymore Use this prompt and grab some popcorn",1678326165,"2023-03-09",3717,"Negative"
"177","JUST IN Garbage collectors are also on strike Garbage begins to pile up in the streets of Paristonnes of waste has not been collected so far   ",1678329233,"2023-03-09",4040,"Negative"
"178","How skyrocketing inflation has hit Pakistans most vulnerable thanks to our corrupt elitescriminal central bankers soon we will all be Pakistan",1678355837,"2023-03-09",4076,"Negative"
"179","Old Yellers dying wish was for the weak hands to gift Boo Randy their cheap silver",1678320846,"2023-03-09",4122,"Negative"
"180","Are chatbots good or evil ChatGPT users broke the program and created a monster named DAN",1678352748,"2023-03-09",4243,"Negative"
"181","Ill just leave this here I think it took a cyanide pill",1678341484,"2023-03-09",4367,"Negative"
"182","I want someone thatll be screaming and threatening me and next theyll be wanting to be close and cuddle",1678381350,"2023-03-09",4386,"Negative"
"183","Stripe faces B tax bill as employees shares expire",1678323604,"2023-03-09",4530,"Negative"
"184","Jack Black demon hunter",1678388362,"2023-03-09",4617,"Negative"
"185","TBM Slut Shame Tirade",1678398404,"2023-03-09",4846,"Negative"
"186","A Rogue Assassin auto hit by surprising",1678106684,"2023-03-06",5022,"Negative"
"187","Thoughts about combining ODnDs simplified exhaustion rules with death fails Every fail gives a level of exhaustion Too oppressive",1678120697,"2023-03-06",5040,"Negative"
"188","Inexperienced DM needs advice on player death",1678139642,"2023-03-06",5223,"Negative"
"189","How do I Describe Poison and Acid Damage Differently in my Games",1678148779,"2023-03-07",5314,"Negative"
"190","Movie Jail Emerges From Weird Musical Hinterlands That Gave Us Slint Cage The Elephant With Kinetic Jittery PostJazz Debut EP Out Now",1678125526,"2023-03-06",5526,"Negative"
"191","Lightnin HopkinsIts A Sin To Be Rich Its A LowDown Shame To Be Poor Blues",1678133300,"2023-03-06",5711,"Negative"
"192","H XCOM Strange Brigade Men of War Assault Squadand more W Jurassic World Evolutionand offers",1678214954,"2023-03-07",6119,"Negative"
"193","E My Cleric in my Lost Mines game is about to basically copypaste the Black Spiders thoughts to gain the upper hand What is an appropriate potential negative to such a risky move",1678173038,"2023-03-07",6171,"Negative"
"194","I drew my first DnD character Shiva from a largely homebrew campaign She was a human possessed by the fiend of gluttony mechanically a warlock with a homebrewed Pact of the Jawpact of the blade mouth version OC",1678195131,"2023-03-07",6206,"Negative"
"195","H XCOM Strange Brigade Men of War Assault Squadand more W Jurassic World Evolutionand offers",1678214833,"2023-03-07",6531,"Negative"
"196","Help fine tuning new witch for Abomination Vaults spoiler free if possible",1678205844,"2023-03-07",6859,"Negative"
"197","Help building a degenerate deck to cause pain and suffering",1678199629,"2023-03-07",6889,"Negative"
"198","How Invitation to Hell will Haunt Your Nightmares A Terrifying Horror Experience",1678382876,"2023-03-09",7170,"Negative"
"199","H Jurassic World EvolutionHeros Hour Rogue Lords Golden Light Monster Crown older games W Strange Brigade Offers trade or US Paypal",1678384146,"2023-03-09",7207,"Negative"
"200","H Rocket League Credits Jurassic EvoBackblood EU Hell let loose Slay The Spire Kerbal Thronebreaker Witcher DOOM Eternal Metro Exodus PGA K Mordhau DBD Spyro Trilogy Endzone Quantum Breakmore W Praey Sable Batora Dreamscaper Deathloop DMCTF Keys Offers",1678370396,"2023-03-09",7215,"Negative"
"201","In an evil campaign a player is playing a warlock hellbent on destroying a certain Gods worshippers and temples How long before they send out the big guns",1678400646,"2023-03-09",7471,"Negative"
"202","After the video went viral she and her sister are summoned They were threatened with bad consequences for them and their families if they reveal their identity lsIamic government accused them of having connections with foreign networks to force t",1678410776,"2023-03-10",7890,"Negative"
"203","After the video went viral she and her sister are summoned They were threatened with bad consequences for them and their families if they reveal their identity lsIamic government accused them of having connections with foreign networks to force t",1678410293,"2023-03-10",7899,"Negative"
"204","Now after nearlymonths she revealed the intense pressure of the lsIamic government on her and her family She says that as a result of this incident her neck vertebrae were damaged and she was deprived of work and activities for a monthAzza",1678410174,"2023-03-10",7901,"Negative"
"205","Azzad Alsalem Now after nearlymonths she revealed the intense pressure of the lsIamic government on her and her family She says that as a result of this incident her neck vertebrae were damaged and she was deprived of work and activities for a month",1678410118,"2023-03-10",7902,"Negative"
"206","Now after nearlymonths she revealed the intense pressure of the lsIamic government on her and her family She says that as a result of this incident her neck vertebrae were damaged and she was deprived of work and activities for a monthAzza",1678409451,"2023-03-10",7904,"Negative"
"207","Luebeck MarchMother Marianne Bachmeier smuggled a pistol into the courtroom and shot the man who raped and strangIed her yearold daughter Klaus Grabowski the criminal diedAzzad Alsalem",1678405141,"2023-03-09",7914,"Negative"
"208","Luebeck MarchMother Marianne Bachmeier smuggled a pistol into the courtroom and shot the man who raped and strangIed her yearold daughter Klaus Grabowski the criminal diedAzzad Alsalem",1678404901,"2023-03-09",7915,"Negative"
"209","Hamas issued an official martyrdom poster for Palestinian terrorist Muatez alKhawaja and accepted responsibility for tonights shooting attack at a Tel Aviv restaurantAdam Milstein RT By Robert Spencer H F IM MG ",1678401415,"2023-03-09",7933,"Negative"
"210","Lmao ddi remember how after Friday prayers there are stone pelting incidents last year So for you balloons are more harmful then stones Let me know how many got injured due to balloonsNinda Turtle",1678425815,"2023-03-10",8092,"Negative"
"211","Another case of MeraAbdulWaisaNahiHai Sumedha Sharma is butchered to death by boyfriend Johar Gani over an argument on Holi dayShefali Vaidya ",1678436872,"2023-03-10",8160,"Negative"
"212","This guy who created upheaval in the country by spreading the cropped short video clip of Nupurs TV debate worldwide in response to which many Hindus were killed is talking about propaganda and fake news O Now call it shamelessness or artist",1678432052,"2023-03-10",8206,"Negative"
"213","Chandler  An insecure religion that uses its own ideologies to scare the majority as opposed to coexisting peacefully",1678431608,"2023-03-10",8217,"Negative"
"214","Another one Hate Detector which is known for spreading fake news almost everyday posted various old videos to run propaganda in the name of HoliAnshul Saxena",1678445833,"2023-03-10",8253,"Negative"
"215","ED called Kavitha for interrogation on th MarchAs she recieved summon she suddenly became women activist n started to fight for women reservation billToday she sit onhour hunger strike for demand of women reservation bill what isho",1678452622,"2023-03-10",8529,"Negative"
"216","Ali Baran a KurdishAlevi musician wellknown for his dissident folk songs lives in Germany On Marchhe was detained at Istanbul airport for allegedly making terrorism propaganda Baran has been banned from leaving TurkeyUzay Bulut RT By",1678462338,"2023-03-10",8579,"Negative"
"217","The Hawk Eye RT By rae Vinod Kapri is suffering from incurable color blindness",1678458936,"2023-03-10",8639,"Negative"
"218","Taharrush in PakistanTAHARRUSH Means a Huge Crowd of Muslim Men attacks Sexually Assault Gang Rape the Girls in PublicObtritunem QT By HV",1678468938,"2023-03-10",8670,"Negative"
"219","Nigeria Oh what sorrow to have watched three of my parishioners shot dead in cold bloodRobert Spencer H F IM MG ",1678476617,"2023-03-10",8781,"Negative"
"220","Made a fighter subclass called Shinobi heavily inspired by Sekiro Shadows Die Twice Looking for feedback on it Also I know it might fit better thematically to do it on rogue but I preferred fighter",1678404476,"2023-03-09",8984,"Negative"
"221","H SCUM Parkitect BackBlood Obduction State Of DecayJuggernaut Tower Unite Friday th Satisfactory F Mordhau Empyrion Kartkraft JWE Call To Arms Slay The Spire Hell Let Looses more W Batora Dreamscaper Within The Blade Wishlist Paypal EU",1678455905,"2023-03-10",9137,"Negative"
"222","I made a really brutal call for a player that sold their soul and I keep feeling a bit uneasy about it",1678407278,"2023-03-10",9153,"Negative"
"223","how should I build a monkbarbarian ORC that wants to drink and smash shit",1678426838,"2023-03-10",9279,"Negative"
"224","I want to play a blind character how do I avoid annoying both the DM and the other players",1678442883,"2023-03-10",9302,"Negative"
"225","My group has started a annoying trend of whoever rolls investigation gets whatever they find and have been acting super selfish about loot and GP",1678472965,"2023-03-10",9336,"Negative"
"226","a player got screwed over by a hag and owes them a favor",1678435544,"2023-03-10",9450,"Negative"
"227"," dont get me wrong its been a blast But this fight is really starting to chuckles dragon",1678462476,"2023-03-10",9549,"Negative"
"228","Content Warning Blood Tarot themed Mutant Jackalope War Criminal from my Fey themed Fantasy setting",1678467851,"2023-03-10",9620,"Negative"
"229","Busted Fox News producer behind networks crime fearmongering has criminal past",1678414065,"2023-03-10",9744,"Negative"
"230","Two leading Ohio Republicans found guilty in m bribery scheme",1678410915,"2023-03-10",9748,"Negative"
"231","Three Texas women are sued for wrongful death after assisting with abortion",1678480038,"2023-03-10",9799,"Negative"
"232","Gun violence is the top killer of US kidsthe pandemic made it worse",1678429539,"2023-03-10",9866,"Negative"
"233","Details in a lawsuit against Texass abortion ban shock the conscience",1678415608,"2023-03-10",9877,"Negative"
"234","I found a mutant sour patch kid",1678403718,"2023-03-09",9896,"Negative"
"235","Sorry for the awful quality but i finally beat that dumb hag",1678400087,"2023-03-09",10046,"Negative"
